Type,Trust Mean,Trust SD,Selection Rate,N
similarity,4.404999999999999,0.458509290233872,0.975,40
popularity,4.285,0.6208141883126194,0.9,40
rating,4.125,0.6743467874495954,0.85,40
