Condition,Mean,SD,Min,Max,N
Without Explanation,2.3183333333333334,0.8538576164277346,1.0,4.0,120
With Explanation,4.2716666666666665,0.5979212355499415,2.2,5.0,120
